{
   "type" : "rig",
   "skeleton": {
      "ATTOVERCOG": [20.0,-9.83932152159,51.7719257555],
      "frame": [20.0,15.0,0.0],
      "head": [20.0,-9.83932152159,21.061821025],
      "leftDoor": [33.0,15.0,19.0],
      "rightDoor": [7.0,15.0,19.0],
	  "leftGlass": [33.0,15.0,19.0],
      "rightGlass": [7.0,15.0,19.0],
      "root": [20.0,15.0,0.0]
   },
   "animation_root" : "file(animations)",
   "effects_root": "file(effects)"
}
